"pid","rid"
"1","1"
"1","2"
"1","3"
"1","4"
"1","5"
"1","6"
"1","7"
"1","8"
"1","9"
"1","10"
"1","11"
"1","12"
"1","13"
"1","14"
"1","15"
"1","16"
"1","17"
"1","18"
"1","19"
"1","20"
"1","21"
"1","22"
"1","23"
"1","24"
"1","25"
"1","26"
"1","27"
"1","28"
"1","29"
"1","30"
"1","31"
"1","32"
"1","33"
"1","34"
"1","35"
"1","36"
"1","37"
"1","38"
"1","39"
"1","40"
"1","41"
"1","42"
"1","43"
"1","44"
"1","45"
"1","46"
"1","47"
"1","48"
"1","49"
"1","50"
"1","51"
"1","52"
"1","53"
"1","54"
"2","55"
"2","56"
"2","57"
"2","58"
"2","59"
"2","60"
"2","61"
"2","62"
"2","63"
"2","64"
"3","65"
"3","66"
"3","67"
"3","68"
"3","69"
"3","70"
"3","71"
"3","72"
"3","73"
"3","74"
"3","75"
"3","76"
"3","77"
"3","78"
"3","79"
"3","80"
"3","81"
"3","82"
"4","5"
"4","84"
"4","85"
"4","86"
"4","87"
"4","88"
"4","89"
"4","90"
"4","91"
"4","92"
"4","93"
"4","94"
"4","96"
"4","97"
"4","98"
"4","99"
"5","100"
"5","101"
"5","102"
"5","103"
"5","104"
"5","105"
"5","106"
"5","107"
"5","108"
"5","109"
"5","110"
"5","111"
"5","112"
"5","113"
"5","114"
"5","115"
"5","116"
"6","117"
"6","118"
"6","55"
"6","120"
"6","121"
"6","122"
"6","123"
"6","124"
"6","125"
"6","126"
"6","127"
"6","128"
"6","129"
"6","130"
"6","131"
"6","132"
"6","133"
"6","134"
"6","135"
"6","136"
"6","58"
"6","138"
"6","139"
"6","140"
"6","141"
"6","142"
"6","143"
"6","144"
"6","145"
"6","146"
"6","147"
"6","148"
"6","59"
"6","150"
"6","151"
"6","152"
"6","153"
"6","154"
"6","155"
"6","156"
"6","157"
"6","158"
"6","159"
"6","160"
"6","161"
"6","162"
"6","163"
"6","164"
"6","165"
"6","166"
"6","167"
"6","168"
"6","169"
"6","170"
"6","171"
"6","172"
"6","173"
"6","174"
"6","175"
"6","176"
"6","177"
"6","178"
"6","179"
"6","180"
"6","181"
"6","182"
"6","183"
"6","184"
"6","185"
"6","186"
"6","187"
"6","188"
"6","189"
"6","190"
"6","191"
"6","192"
"6","193"
"6","194"
"6","195"
"6","196"
"6","197"
"6","198"
"6","199"
"6","200"
"6","201"
"6","202"
"6","203"
"6","204"
"6","205"
"6","206"
"6","207"
"6","208"
"6","209"
"6","210"
"6","211"
"6","212"
"6","213"
"6","214"
"6","215"
"6","216"
"6","217"
"6","218"
"6","219"
"6","220"
"6","221"
"6","222"
"6","223"
"6","224"
"6","225"
"6","226"
"6","227"
"6","228"
"6","229"
"6","230"
"6","231"
"6","232"
"6","233"
"6","234"
"6","235"
"6","236"
"6","237"
"6","238"
"6","239"
"6","240"
"6","241"
"6","242"
"6","243"
"6","244"
"6","245"
"6","246"
"6","247"
"6","248"
"6","249"
"6","250"
"6","251"
"6","252"
"6","253"
"6","254"
"6","255"
"6","256"
"6","257"
"6","258"
"6","259"
"6","260"
"6","261"
"6","262"
"6","263"
"6","264"
"7","265"
"7","266"
"7","267"
"7","268"
"7","269"
"7","270"
"7","271"
"7","272"
"7","273"
"7","274"
"8","275"
"8","276"
"8","277"
"8","278"
"8","279"
"8","280"
"8","281"
"8","282"
"8","283"
"8","284"
"8","285"
"8","286"
"8","287"
"8","288"
"8","289"
"8","290"
"8","291"
"8","292"
"8","293"
"8","295"
"8","296"
"8","297"
"8","298"
"8","299"
"8","300"
"8","301"
"8","302"
"8","311"
"8","304"
"8","305"
"8","306"
"8","307"
"8","308"
"8","309"
"8","310"
"8","313"
"8","314"
"8","315"
"8","316"
"9","317"
"9","318"
"9","319"
"9","320"
"9","321"
"9","322"
"9","323"
"9","324"
"9","325"
"9","326"
"9","327"
"9","328"
"9","329"
"9","330"
"9","331"
"9","332"
"10","333"
"10","334"
"10","335"
"10","337"
"10","338"
"10","339"
"10","340"
"10","341"
"10","342"
"10","343"
"10","344"
"10","345"
"10","346"
"10","347"
"11","348"
"11","349"
"11","350"
"11","351"
"11","352"
"11","353"
"11","354"
"11","355"
"11","356"
"11","357"
"11","358"
"11","359"
"11","360"
"11","361"
"11","362"
"11","363"
"11","364"
"11","365"
"11","366"
"11","367"
"11","368"
"11","369"
"11","370"
"11","371"
"12","372"
"12","373"
"12","374"
"12","375"
"12","376"
"12","377"
"13","378"
"13","379"
"13","380"
"13","381"
"13","382"
"13","383"
"13","384"
"13","385"
"13","386"
"13","387"
"13","388"
"13","389"
"13","390"
"13","391"
"13","392"
"13","393"
"13","394"
"13","395"
"13","396"
"13","397"
"13","398"
"13","399"
"13","400"
"13","401"
"13","402"
"13","403"
"13","404"
"13","405"
"13","406"
"13","407"
"13","408"
"13","409"
"13","410"
"13","411"
"13","412"
"13","413"
"13","414"
"13","415"
"13","416"
"13","417"
"13","418"
"13","419"
"13","420"
"13","421"
"13","422"
"13","423"
"13","424"
"13","425"
"13","426"
"13","427"
"13","428"
"13","429"
"13","430"
"13","431"
"13","432"
"13","433"
"13","434"
"13","435"
"13","436"
"13","437"
"13","438"
"13","439"
"13","440"
"13","441"
"13","442"
"13","443"
"13","444"
"13","445"
"13","446"
"13","447"
"13","448"
"13","449"
"13","450"
"13","451"
"13","452"
"13","453"
"13","454"
"13","455"
"13","456"
"13","457"
"13","458"
"14","459"
"14","460"
"14","461"
"14","462"
"14","463"
"14","464"
"14","465"
"14","466"
"14","467"
"14","468"
"14","469"
"14","470"
"14","471"
"14","472"
"14","473"
"14","474"
"14","475"
"14","476"
"14","477"
"14","478"
"14","479"
"14","480"
"14","481"
"14","482"
"14","483"
"15","484"
"15","485"
"15","486"
"15","487"
"15","488"
"15","489"
"15","395"
"15","398"
"15","492"
"15","493"
"15","494"
"15","495"
"15","496"
"15","497"
"15","498"
"15","499"
"15","500"
"15","501"
"15","502"
"15","503"
"15","504"
"15","505"
"15","506"
"15","507"
"15","508"
"16","509"
"16","510"
"16","511"
"16","512"
"16","513"
"16","514"
"16","515"
"16","516"
"16","517"
"16","396"
"16","398"
"16","520"
"16","521"
"16","522"
"16","523"
"16","413"
"16","525"
"16","526"
"16","527"
"16","528"
"16","529"
"16","350"
"16","531"
"16","532"
"16","533"
"16","534"
"16","535"
"16","536"
"16","354"
"16","538"
"16","539"
"16","540"
"16","541"
"16","542"
"16","543"
"16","544"
"16","545"
"16","546"
"16","547"
"16","548"
"17","549"
"17","550"
"17","551"
"17","552"
"17","553"
"17","554"
"17","555"
"17","556"
"17","557"
"17","558"
"17","559"
"17","560"
"17","561"
"17","562"
"17","563"
"17","564"
"17","565"
"18","566"
"18","567"
"18","568"
"18","569"
"18","570"
"18","571"
"18","572"
"18","573"
"18","574"
"18","575"
"18","576"
"18","577"
"18","578"
"18","579"
"18","580"
"18","581"
"18","582"
"18","583"
"19","584"
"19","585"
"19","586"
"19","587"
"19","588"
"19","589"
"19","590"
"19","591"
"19","592"
"19","593"
"19","594"
"19","596"
"19","597"
"19","598"
"19","599"
"19","600"
"19","601"
"19","603"
"19","604"
"19","605"
"19","606"
"19","607"
"19","608"
"19","609"
"19","610"
"19","611"
"19","612"
"19","613"
"19","614"
"19","615"
"19","616"
"19","617"
"19","618"
"19","619"
"19","620"
"19","621"
"19","622"
"19","623"
"19","624"
"19","625"
"19","626"
"19","627"
"19","628"
"19","629"
"19","630"
"19","631"
"19","632"
"19","633"
"19","634"
"19","635"
"19","636"
"19","637"
"19","638"
"19","639"
"19","640"
"19","642"
"19","643"
"19","644"
"19","645"
"19","648"
"19","649"
"19","650"
"19","651"
"19","652"
"19","653"
"19","654"
"19","655"
"19","656"
"19","657"
"19","658"
"19","659"
"19","660"
"19","661"
"19","662"
"19","663"
"19","664"
"19","666"
"19","667"
"19","668"
"19","669"
"19","670"
"19","671"
"19","672"
"19","673"
"19","674"
"19","675"
"19","676"
"19","677"
"19","678"
"19","679"
"19","680"
"19","681"
"19","682"
"19","683"
"20","684"
"20","685"
"20","686"
"20","687"
"20","688"
"20","689"
"20","690"
"21","691"
"21","692"
"21","693"
"21","694"
"21","695"
"21","696"
"21","697"
"21","698"
"21","699"
"21","700"
"21","701"
"21","702"
"21","703"
"21","704"
"21","705"
"21","706"
"21","707"
